tfidf_mrr,tfidf_hit@1,tfidf_recall@5,tfidf_recall@10,lsa_mrr,lsa_hit@1,lsa_recall@5,lsa_recall@10,meta_mrr,meta_hit@1,meta_recall@5,meta_recall@10,hybrid_mrr,hybrid_hit@1,hybrid_recall@5,hybrid_recall@10
0.5766947588335382,0.3705093833780161,0.004083094925903609,0.00790982988221491,0.5019259023366823,0.2611260053619303,0.0036956271534802545,0.007402197360681585,0.454393533245186,0.19195710455764076,0.004106077202561603,0.007732849703385915,0.5085786081904718,0.2595174262734584,0.004989131535028848,0.008979808359800974
